Title,Year,Rated,Released,Runtime,Metascore,imdbRating,Type,BoxOffice
Dick Johnson Is Dead,2020,PG-13,02 Oct 2020,1 min,89,7.4,movie,N/A
Blood Diamond,2006,R,08 Dec 2006,143 min,64,8.0,movie,"$57,377,916"
Ganglands,2021–,TV-MA,24 Sep 2021,2 min,N/A,7.0,series,na
Jailbirds New Orleans,2021–,TV-MA,24 Sep 2021,1 min,N/A,6.7,series,na
Kota Factory,2019–2021,TV-14,16 Apr 2019,45 min,N/A,9.1,series,na
Midnight Mass,2021,TV-MA,24 Sep 2021,40 min,N/A,7.7,series,na
My Little Pony: A New Generation,2021,PG,24 Sep 2021,90 min,N/A,6.8,movie,N/A
Sankofa,1993,N/A,28 May 1993,125 min,93,7.0,movie,"$2,198,984"
The Great British Baking Show,2010–,TV-PG,27 Dec 2014,1 min,N/A,8.6,series,na
The Starling,2021,PG-13,24 Sep 2021,2 min,31,6.3,movie,N/A
Bangkok Breaking,2021–,TV-MA,23 Sep 2021,N/A,N/A,5.8,series,na
Je Suis Karl,2021,TV-MA,23 Sep 2021,1 min,N/A,5.5,movie,N/A
Confessions of an Invisible Girl,2021,TV-PG,22 Sep 2021,1 min,N/A,5.2,movie,N/A
Crime Stories: India Detectives,2021–,TV-MA,22 Sep 2021,N/A,N/A,7.1,series,na
Dear White People,2014,R,04 Dec 2014,2 min,79,6.1,movie,"$4,404,154"
Falsa identidad,2015,N/A,N/A,11 min,N/A,N/A,movie,N/A
Intrusion,2021,TV-14,22 Sep 2021,1 min,39,5.2,movie,N/A
Jaguar,2021–,TV-14,22 Sep 2021,2 min,N/A,5.7,series,na
Monsters Inside: The 24 Faces of Billy Milligan,2021,TV-MA,22 Sep 2021,1 min,N/A,6.2,series,na
Go! Go! Cory Carson: Chrissy Takes the Wheel,2021,N/A,21 Sep 2021,60 min,N/A,N/A,movie,N/A
Jeans,1998,Not Rated,24 Apr 1998,175 min,N/A,6.4,movie,N/A
Love on the Spectrum,2019–,TV-14,22 Jul 2020,N/A,N/A,8.6,series,na
Grown Ups,2010,PG-13,25 Jun 2010,102 min,30,5.9,movie,"$162,001,186"
Dark Skies,2013,PG-13,22 Feb 2013,97 min,50,6.3,movie,"$17,418,667"
Paranoia,2013,PG-13,16 Aug 2013,106 min,32,5.6,movie,"$7,388,654"
Ankahi Kahaniya,2021,TV-14,17 Sep 2021,110 min,N/A,5.5,movie,N/A
Chicago Party Aunt,2021–,TV-MA,17 Sep 2021,N/A,N/A,5.3,series,na
Sex Education,2019–,TV-MA,11 Jan 2019,45 min,N/A,8.4,series,na
Squid Game,2021–,TV-MA,17 Sep 2021,N/A,N/A,8.0,series,na
The Father Who Moves Mountains,2021,TV-MA,23 Jul 2021,1 min,N/A,5.5,movie,N/A
The Stronghold,2020,TV-MA,18 Aug 2021,44S min,N/A,6.9,movie,N/A
Angry Birds,2021,N/A,N/A,N/A,N/A,N/A,movie,N/A
Birth of the Dragon,2016,PG-13,25 Aug 2017,95 min,35,5.6,movie,"$6,901,965"
Chhota Bheem,2008–,N/A,31 Dec 2008,15 min,N/A,4.1,series,na
He-Man and the Masters of the Universe,1983–1985,TV-Y7,26 Sep 1983,30 min,N/A,7.5,series,na
Jaws,1975,PG,20 Jun 1975,124 min,87,8.1,movie,"$260,758,300"
Jaws 2,1978,PG,16 Jun 1978,116 min,51,5.8,movie,"$81,766,007"
Jaws 3-D,1983,PG,22 Jul 1983,1 min,27,3.7,movie,"$45,517,055"
Jaws: The Revenge,1987,PG-13,17 Jul 1987,89 min,15,3.0,movie,"$20,763,013"
My Heroes Were Cowboys,2021,PG,16 Sep 2021,22 min,N/A,6.7,movie,N/A
Safe House,2012,R,10 Feb 2012,115 min,52,6.7,movie,"$126,373,434"
The Smart Money Woman,2020–,N/A,30 Nov 2020,1 min,N/A,6.3,series,na
Training Day,2001,R,05 Oct 2001,122 min,69,7.7,movie,"$76,631,907"
Dharmakshetra,2014–2015,N/A,19 Nov 2014,43 min,N/A,8.3,series,na
InuYasha the Movie 2: The Castle Beyond the Looking Glass,2002,Not Rated,28 Dec 2004,99 min,N/A,7.3,movie,N/A
InuYasha the Movie 3: Swords of an Honorable Ruler,2003,Not Rated,01 May 2006,99 min,N/A,7.6,movie,N/A
Inuyasha the Movie 4: Fire on the Mystic Island,2004,Not Rated,20 Jul 2006,31S min,N/A,7.2,movie,N/A
Inuyasha the Movie: Affections Touching Across Time,2001,Not Rated,25 May 2005,100 min,N/A,7.2,movie,N/A
Nailed It,2018,Not Rated,26 Oct 2018,60 min,N/A,7.3,movie,N/A
Naruto Shippuden the Movie: Blood Prison,2011,TV-14,18 Feb 2014,108 min,N/A,7.1,movie,N/A
Naruto Shippuden: The Movie - Bonds,2008,TV-14,25 Oct 2011,98 min,N/A,6.8,movie,N/A
Naruto Shippuden the Movie: Blood Prison,2011,TV-14,18 Feb 2014,108 min,N/A,7.1,movie,N/A
Naruto the Movie 2: Legend of the Stone of Gelel,2005,TV-14,06 Aug 2005,97 min,N/A,6.4,movie,N/A
Naruto the Movie 3: Guardians of the Crescent Moon Kingdom,2006,TV-14,08 Nov 2008,95 min,N/A,6.4,movie,N/A
Naruto the Movie: Ninja Clash in the Land of Snow,2004,TV-14,06 Jun 2007,82 min,N/A,6.6,movie,N/A
Nightbooks,2021,TV-PG,15 Sep 2021,2 min,65,5.7,movie,N/A
Numberblocks,2017–,TV-Y,23 Jan 2017,5 min,N/A,8.5,series,na
Saved by the Bell,1989–1992,TV-PG,20 Aug 1989,1 min,N/A,7.0,series,na
Schumacher,2021,12,15 Sep 2021,1 min,N/A,7.4,movie,N/A
Stories by Rabindranath Tagore,2015,N/A,06 Jul 2015,45 min,N/A,8.7,series,na
Too Hot to Handle: Latino,2021–,TV-MA,15 Sep 2021,1 min,N/A,N/A,series,na
A StoryBots Space Adventure,2021,TV-Y,09 Nov 2021,12 min,N/A,N/A,movie,N/A
Jack Whitehall: Travels with My Father,2017–2021,TV-MA,22 Sep 2017,30 min,N/A,7.6,series,na
King of Boys,2018,TV-MA,26 Oct 2018,169 min,N/A,5.9,movie,N/A
The World's Most Amazing Vacation Rentals,2021–,TV-PG,18 Jun 2021,N/A,N/A,6.7,series,na
You vs. Wild: Out Cold,2021,TV-G,14 Sep 2021,1 min,N/A,5.4,movie,N/A
Yowamushi Pedal,2013–,N/A,07 Oct 2013,23 min,N/A,7.7,series,na
Tughlaq Durbar,2021,N/A,10 Sep 2021,145 min,N/A,5.4,movie,N/A
Kate,2021,R,10 Sep 2021,106 min,47,6.2,movie,N/A
Lucifer,2016–2021,TV-14,25 Jan 2016,42 min,N/A,8.1,series,na
Metal Shop Masters,2021–,TV-MA,10 Sep 2021,1 min,N/A,5.7,series,na
Omo Ghetto: The Saga,2020,N/A,25 Dec 2020,110 min,N/A,7.5,movie,N/A
Prey,2022,R,05 Aug 2022,99 min,71,7.2,movie,N/A
Titipo Titipo,2019,N/A,01 Apr 2019,N/A,N/A,N/A,series,na
Blood Brothers: Malcolm X & Muhammad Ali,2021,PG-13,09 Sep 2021,95 min,69,6.9,movie,N/A
Mighty Raju,2010–,Not Rated,01 Jan 2014,N/A,N/A,4.3,series,na
Paradise Hills,2019,TV-14,25 Oct 2019,95 min,49,5.3,movie,N/A
The Women and the Murderer,2021,TV-14,09 Sep 2021,92 min,N/A,6.4,movie,N/A
Into the Night,2020–,TV-MA,01 May 2020,N/A,N/A,7.0,series,na
JJ+E,2021,TV-14,08 Sep 2021,90 min,N/A,5.3,movie,N/A
Show Dogs,2018,Unrated,18 May 2018,1 min,31,3.8,movie,"$17,857,020"
The Circle,2017,PG-13,28 Apr 2017,110 min,43,5.3,movie,"$20,497,844"
If I Leave Here Tomorrow: A Film About Lynyrd Skynyrd,2018,TV-14,13 Mar 2018,58S min,N/A,7.8,movie,N/A
Kid Cosmic,2021–2022,TV-Y7,02 Feb 2021,25 min,N/A,7.9,series,na
Octonauts: Above & Beyond,2021–,TV-Y,07 Sep 2021,N/A,N/A,7.3,series,na
On the Verge,2021,TV-14,07 Sep 2021,N/A,N/A,6.5,series,na
Tobot Galaxy Detectives,2020–,N/A,28 May 2020,N/A,N/A,6.2,series,na
Untold: Breaking Point,2021,TV-MA,07 Sep 2021,68 min,N/A,7.6,movie,N/A
Countdown: Inspiration4 Mission to Space,2021,TV-14,06 Sep 2021,N/A,N/A,7.8,series,na
Shadow Parties,2021,N/A,06 Sep 2021,116 min,N/A,6.2,movie,N/A
"Tayo, the Little Bus",2010–2019,N/A,23 Aug 2010,N/A,N/A,5.3,series,na
Angamaly Diaries,2017,Not Rated,03 Mar 2017,132 min,N/A,7.9,movie,N/A
Bunk'd,2015–,TV-G,31 Jul 2015,17S min,N/A,5.3,series,na
A Champion Heart,2018,G,26 Aug 2021,90 min,N/A,5.9,movie,N/A
Dive Club,2021–,TV-PG,03 Sep 2021,N/A,N/A,6.1,series,na
Money Heist: From Tokyo to Berlin,2021,N/A,03 Sep 2021,N/A,N/A,7.7,series,na
Sharkdog,2021–,TV-Y,03 Sep 2021,7 min,N/A,5.9,series,na
Worth,2020,PG-13,03 Sep 2021,2 min,67,6.8,movie,N/A
Afterlife of the Party,2021,TV-PG,02 Sep 2021,109 min,N/A,5.8,movie,N/A
Anjaam,1994,Not Rated,22 Apr 1994,170 min,N/A,6.6,movie,N/A
Bright Star,2009,PG,09 Oct 2009,2 min,81,6.9,movie,"$4,444,637"
Final Account,2020,PG-13,21 May 2021,1 min,76,7.1,movie,"$308,976"
Gurgaon,2017,N/A,04 Aug 2017,107 min,N/A,6.5,movie,N/A
Here and There,2011,N/A,13 Oct 2011,53 min,N/A,6.3,movie,N/A
Heroes of Goo Jit Zu,2019–,N/A,27 Jun 2019,N/A,N/A,N/A,series,na
Hotel Del Luna,2019,N/A,13 Jul 2019,5 min,N/A,8.2,series,na
In the Cut,2003,R,31 Oct 2003,1 min,46,5.3,movie,"$4,750,602"
Luv Kushh and the Ghost Army Global,2012,N/A,N/A,57 min,N/A,N/A,movie,N/A
Pororo the Little Penguin,2003–,TV-Y,N/A,N/A,N/A,6.1,series,na
Q-Force,2021,TV-MA,02 Sep 2021,30 min,N/A,6.3,series,na
Shikara,2020,Not Rated,07 Feb 2020,118 min,N/A,3.3,movie,N/A
A Cinderella Story,2004,PG,16 Jul 2004,95 min,25,5.9,movie,"$51,438,175"
An Unfinished Life,2005,PG-13,16 Sep 2005,108 min,49,7.0,movie,"$8,586,392"
"Barbie: Big City, Big Dreams",2021,N/A,01 Sep 2021,60 min,N/A,5.8,movie,N/A
Brave Animated Series,2021,N/A,04 Jul 2021,N/A,N/A,N/A,series,na
Chappie,2015,R,06 Mar 2015,120 min,41,6.8,movie,"$31,569,268"
Clear and Present Danger,1994,PG-13,03 Aug 1994,141 min,74,6.9,movie,"$122,187,717"
Cliffhanger,1993,R,28 May 1993,1 min,60,6.5,movie,"$84,049,211"
Cold Mountain,2003,R,25 Dec 2003,154 min,73,7.2,movie,"$95,636,509"
Crocodile Dundee in Los Angeles,2001,PG,20 Apr 2001,2 min,37,4.8,movie,"$25,635,682"
Dear John,2010,PG-13,05 Feb 2010,108 min,43,6.3,movie,"$80,014,842"
Do the Right Thing,1989,R,21 Jul 1989,120 min,93,7.9,movie,"$27,545,445"
Extraction,2020,R,24 Apr 2020,116 min,56,6.7,movie,N/A
Freedom Writers,2007,PG-13,05 Jan 2007,123 min,64,7.6,movie,"$36,605,602"
Green Lantern,2011,PG-13,17 Jun 2011,114 min,39,5.5,movie,"$116,601,172"
House Party,1990,R,09 Mar 1990,1 min,76,6.5,movie,"$26,385,627"
House Party 2,1991,R,23 Oct 1991,31S min,N/A,5.2,movie,"$19,438,638"
House Party 3,1994,R,12 Jan 1994,31S min,N/A,4.6,movie,"$19,281,235"
How to Be A Cowboy,2021–,TV-PG,01 Sep 2021,1 min,N/A,6.8,series,na
I Got the Hook Up,1998,R,27 May 1998,93 min,N/A,4.0,movie,"$10,317,779"
In Too Deep,1999,R,25 Aug 1999,95 min,53,6.2,movie,"$14,011,454"
Initial D,2005,TV-PG,23 Jun 2005,2 min,48,6.3,movie,N/A
Janoskians: Untold and Untrue,2015,Unrated,28 Aug 2015,88 min,N/A,3.7,movie,N/A
Kid-E-Cats,2016–,N/A,N/A,5 min,N/A,7.0,series,na
Kuroko's Basketball,2012–2015,TV-14,07 Apr 2012,24 min,N/A,8.3,series,na
Labyrinth,1986,PG,27 Jun 1986,101 min,50,7.3,movie,"$13,723,253"
Letters to Juliet,2010,PG,14 May 2010,105 min,50,6.5,movie,"$53,032,453"
Level 16,2018,Not Rated,27 May 2019,102 min,46,6.1,movie,N/A
Love Don't Cost a Thing,2003,PG-13,12 Dec 2003,100 min,37,5.2,movie,"$21,924,226"
Love in a Puff,2010,N/A,25 Mar 2010,104 min,N/A,7.1,movie,N/A
Major Dad,1989–1993,N/A,17 Sep 1989,30 min,N/A,6.5,series,na
Mars Attacks!,1996,PG-13,13 Dec 1996,106 min,52,6.4,movie,"$37,781,197"
Marshall,2017,PG-13,13 Oct 2017,2 min,66,7.2,movie,"$10,051,659"
My Boss's Daughter,2003,PG-13,22 Aug 2003,1 min,15,4.7,movie,"$15,550,605"
Mystery Men,1999,PG-13,06 Aug 1999,121 min,65,6.1,movie,"$29,762,011"
Once Upon a Time in America,1984,R,01 Jun 1984,229 min,75,8.3,movie,"$5,321,508"
Open Season 2,2008,PG,24 Sep 2008,76 min,N/A,5.6,movie,N/A
Osmosis Jones,2001,PG,10 Aug 2001,95 min,57,6.3,movie,"$13,596,911"
Poseidon,2006,PG-13,12 May 2006,98 min,50,5.7,movie,"$60,674,817"
Lincoln Rhyme: Hunt for the Bone Collector,2020,TV-14,01 Jan 2020,43 min,N/A,6.8,series,na
Same Kind of Different as Me,2017,PG-13,20 Oct 2017,2 min,47,6.6,movie,"$6,423,605"
School of Rock,2003,PG-13,03 Oct 2003,109 min,82,7.2,movie,"$81,261,177"
Snervous Tyler Oakley,2015,PG-13,11 Dec 2015,1 min,N/A,5.4,movie,N/A
Tears of the Sun,2003,R,07 Mar 2003,121 min,48,6.6,movie,"$43,734,876"
The Blue Lagoon,1980,R,02 Jul 1980,104 min,31,5.8,movie,"$58,853,106"
The Golden Child,1986,PG-13,12 Dec 1986,2 min,37,5.9,movie,"$79,817,937"
The Guns of Navarone,1961,Not Rated,28 Apr 1961,158 min,72,7.5,movie,N/A
The Interview,2014,R,24 Dec 2014,112 min,52,6.5,movie,"$6,105,175"
The Nutty Professor,1996,PG-13,28 Jun 1996,1 min,62,5.7,movie,"$128,814,019"
The 'Nutty Professor II: The Klumps' Debacle,2016,N/A,24 Jan 2016,N/A,N/A,N/A,movie,N/A
Turning Point: 9/11 and the War on Terror,2021,TV-14,01 Sep 2021,N/A,N/A,8.0,series,na
"Welcome Home, Roscoe Jenkins",2008,PG-13,08 Feb 2008,2 min,46,5.5,movie,"$42,436,517"
In the Line of Fire,1993,R,09 Jul 1993,31S min,74,7.2,movie,"$102,314,823"
Sparking Joy with Marie Kondo,2021–,TV-PG,31 Aug 2021,N/A,N/A,6.3,series,na
Hometown Cha-Cha-Cha,2021–,TV-14,28 Aug 2021,N/A,N/A,8.4,series,na
The Ingenuity of the Househusband,2021–,N/A,29 Aug 2021,N/A,N/A,6.7,series,na
2 Alone in Paris,2008,N/A,25 Jun 2008,94 min,N/A,5.4,movie,N/A
Bread Barbershop,2020–,TV-Y,15 Aug 2020,N/A,N/A,7.4,series,na
Thimmarusu: Assignment Vali,2021,N/A,30 Jul 2021,127 min,N/A,7.2,movie,N/A
Wind River,2017,R,18 Aug 2017,107 min,73,7.7,movie,"$33,800,859"
C Kkompany,2008,Not Rated,29 Aug 2008,127 min,N/A,5.5,movie,N/A
D.P.,2021–,TV-MA,27 Aug 2021,1 min,N/A,8.2,series,na
Deadly Sins,1995,R,17 Oct 1995,98 min,N/A,4.6,movie,N/A
EMI: Liya Hai To Chukana Padega,2008,N/A,07 Nov 2008,180 min,N/A,4.4,movie,N/A
He's All That,2021,TV-14,27 Aug 2021,2 min,36,4.3,movie,N/A
I Heart Arlo,2021–,TV-Y7,27 Aug 2021,11 min,N/A,7.2,series,na
King of Boys: The Return of the King,2021,TV-MA,27 Aug 2021,N/A,N/A,5.9,series,na
Koi Aap Sa: But Lovers Have to Be Friends,2005,N/A,14 Oct 2005,142 min,N/A,5.5,movie,N/A
Krishna Cottage,2004,Not Rated,02 Apr 2004,2 min,N/A,5.1,movie,N/A
Kucch To Hai,2003,Not Rated,24 Jan 2003,143 min,N/A,4.3,movie,N/A
Kyaa Kool Hai Hum,2005,Unrated,06 May 2005,3 min,N/A,6.1,movie,N/A
Kyaa Kool Hain Hum 3,2016,N/A,22 Jan 2016,124 min,N/A,1.9,movie,N/A
Kyaa Super Kool Hain Hum,2012,Not Rated,27 Jul 2012,136 min,N/A,5.0,movie,N/A
Kyo Kii... Main Jhuth Nahin Bolta,2001,Not Rated,21 Sep 2001,131 min,N/A,5.3,movie,N/A
"LSD: Love, Sex Aur Dhokha",2010,Not Rated,19 Mar 2010,155 min,N/A,7.2,movie,N/A
Mission Istaanbul: Darr Ke Aagey Jeet Hai!,2008,N/A,25 Jul 2008,130 min,N/A,3.5,movie,N/A
Once Upon a Time in Mumbaai,2010,Not Rated,30 Jul 2010,3 min,N/A,7.4,movie,N/A
Ragini MMS,2011,Not Rated,13 May 2011,1 min,N/A,5.1,movie,N/A
Ragini MMS 2,2014,Not Rated,21 Mar 2014,3 min,N/A,3.9,movie,N/A
Rebellion,2016–2019,TV-MA,24 Apr 2016,258 min,N/A,7.1,series,na
Ride on Time,2012,N/A,30 Jun 2012,N/A,N/A,N/A,movie,N/A
Shootout at Lokhandwala,2007,Not Rated,25 May 2007,122 min,N/A,7.1,movie,"$289,232"
Shor in the City,2010,N/A,28 Apr 2011,2 min,N/A,7.2,movie,N/A
The Dirty Picture,2011,Not Rated,02 Dec 2011,1 min,N/A,6.6,movie,N/A
Titletown High,2021–,TV-14,27 Aug 2021,1 min,N/A,5.5,series,na
Edens Zero,2021–,TV-14,11 Apr 2021,1 min,N/A,7.2,series,na
Family Reunion,2019–2022,TV-PG,10 Jul 2019,1 min,N/A,6.4,series,na
"Bob Ross: Happy Accidents, Betrayal & Greed",2021,TV-14,25 Aug 2021,25S min,55,6.9,movie,N/A
Clickbait,2021,TV-MA,25 Aug 2021,N/A,N/A,7.2,series,na
John of God: The Crimes of a Spiritual Healer,2021,N/A,25 Aug 2021,N/A,N/A,6.5,series,na
Motel Makeover,2021–,N/A,25 Aug 2021,1 min,N/A,4.9,series,na
Open Your Eyes,1997,R,19 Dec 1997,1 min,N/A,7.7,movie,"$370,720"
Post Mortem: No One Dies in Skarnes,2021–,TV-MA,25 Aug 2021,N/A,N/A,7.1,series,na
Really Love,2020,N/A,25 Aug 2021,95 min,N/A,6.1,movie,N/A
The November Man,2014,R,27 Aug 2014,108 min,38,6.2,movie,"$25,018,119"
The Old Ways,2020,R,05 Aug 2021,90 min,67,5.4,movie,N/A
The River Runner,2021,N/A,25 Aug 2021,2 min,N/A,6.9,movie,N/A
The Water Man,2020,PG,07 May 2021,91 min,68,5.4,movie,"$383,234"
Wheel of Fortune,1983–,TV-G,19 Sep 1983,30S min,N/A,6.7,series,na
Count Me In,2021,N/A,24 Aug 2021,81 min,N/A,6.8,movie,N/A
Untold: Caitlyn Jenner,2021,TV-PG,24 Aug 2021,69 min,N/A,6.4,movie,N/A
Boomika,2021,N/A,22 Aug 2021,123 min,N/A,5.5,movie,N/A
The Witcher: Nightmare of the Wolf,2021,TV-MA,23 Aug 2021,83 min,67,7.2,movie,N/A
Manifest,2018–,TV-14,24 Sep 2018,43 min,N/A,7.1,series,na
Comedy Premium League,2021–,N/A,20 Aug 2021,N/A,N/A,4.7,series,na
Everything Will Be Fine,2010,N/A,28 Jan 2010,90 min,N/A,6.1,movie,N/A
Gunshot,2018,N/A,03 Oct 2018,97 min,N/A,6.8,movie,N/A
Korean Cold Noodle Rhapsody,2021,N/A,20 Aug 2021,N/A,N/A,N/A,series,na
Man in Love,2021,N/A,01 Apr 2021,1 min,N/A,6.9,movie,N/A
Sweet Girl,2021,R,20 Aug 2021,2 min,46,5.5,movie,N/A
The Chair,2021–,TV-MA,20 Aug 2021,N/A,N/A,7.2,series,na
The Loud House Movie,2021,TV-Y7,20 Aug 2021,1 min,N/A,6.1,movie,N/A
A Faraway Land,2021,TV-PG,19 Aug 2021,101 min,N/A,5.0,movie,N/A
Like Crazy,2011,PG-13,27 Jan 2012,86 min,68,6.6,movie,"$3,395,391"
Black Island,2021,TV-MA,18 Aug 2021,104 min,N/A,5.2,movie,N/A
Bombay,1995,Not Rated,10 Mar 1995,130 min,N/A,8.1,movie,N/A
Go! Go! Cory Carson,2020–,TV-Y,04 Jan 2020,1 min,N/A,7.8,series,na
Memories of a Murderer: The Nilsen Tapes,2021,TV-MA,18 Aug 2021,84 min,N/A,6.3,movie,N/A
Nneka the Pretty Serpent,2020,N/A,18 Dec 2020,140 min,N/A,3.8,movie,N/A
Out of My League,2020,TV-MA,18 Aug 2021,91 min,N/A,6.1,movie,N/A
Pahuna,2003,N/A,N/A,N/A,N/A,N/A,movie,N/A
The Defeated,2020–,TV-MA,18 Aug 2021,45 min,N/A,7.0,series,na
The Secret Diary of an Exchange Student,2021,TV-14,18 Aug 2021,96 min,N/A,5.3,movie,N/A
Untold: Deal with the Devil,2021,TV-MA,17 Aug 2021,2 min,N/A,7.3,movie,N/A
Mother Goose Club,2009–,N/A,10 Aug 2010,33 min,N/A,7.5,series,na
Walk of Shame,2014,R,01 May 2014,2 min,25,6.0,movie,"$59,209"
Rascal Does Not Dream of Bunny Girl Senpai,2018–,TV-PG,04 Oct 2018,1 min,N/A,8.1,series,na
The Creative Indians,2016–,N/A,15 Apr 2016,N/A,N/A,8.3,series,na
The Piano,1993,R,11 Feb 1994,121 min,89,7.5,movie,"$40,157,856"
Unroyal,2020,N/A,20 Mar 2020,97 min,N/A,N/A,movie,N/A
Winx Club,2004–2019,TV-Y7,19 Jun 2004,25 min,N/A,6.1,series,na
Beckett,2021,TV-MA,13 Aug 2021,110 min,52,5.6,movie,N/A
Brand New Cherry Flavor,2021,TV-MA,13 Aug 2021,N/A,N/A,7.1,series,na
Fast & Furious 6,2013,PG-13,24 May 2013,130 min,61,7.0,movie,"$238,679,850"
Gone for Good,2021,TV-MA,13 Aug 2021,N/A,N/A,6.3,series,na
Grace and Frankie,2015–2022,TV-MA,08 May 2015,30 min,N/A,8.2,series,na
The Kingdom,2007,R,28 Sep 2007,2 min,56,7.0,movie,"$47,536,778"
Valeria,2020–,TV-MA,08 May 2020,N/A,N/A,6.5,series,na
AlRawabi School for Girls,2021–2022,TV-14,12 Aug 2021,1 min,N/A,7.4,series,na
Lokillo: Nothing's the Same,2021,N/A,12 Aug 2021,63 min,N/A,4.7,movie,N/A
Monster Hunter: Legends of the Guild,2021,TV-14,12 Aug 2021,58 min,N/A,5.1,movie,N/A
Bake Squad,2021–,TV-PG,11 Aug 2021,N/A,N/A,6.9,series,na
Brother Jekwu,2016,N/A,N/A,103 min,N/A,N/A,movie,N/A
Misha and the Wolves,2021,PG-13,11 Aug 2021,2 min,63,6.7,movie,N/A
The Kissing Booth 3,2021,TV-14,11 Aug 2021,2 min,36,4.7,movie,N/A
The Railway Man,2013,R,23 May 2014,2 min,59,7.1,movie,"$4,438,438"
Gabby's Dollhouse,2021–,TV-Y,04 Jan 2021,1 min,N/A,7.0,series,na
I Need Romance,2011–,N/A,08 Jun 2011,45 min,N/A,7.0,series,na
Las muñecas de la mafia,2009–,TV-MA,08 Aug 2009,N/A,N/A,6.6,series,na
The Crowned Clown,2019,N/A,07 Jan 2019,31S min,N/A,8.0,series,na
Untold: Malice at the Palace,2021,TV-MA,10 Aug 2021,2 min,N/A,7.5,movie,N/A
Shaman King,2001–2005,TV-Y7,04 Jul 2001,23 min,N/A,8.0,series,na
Quartet,2012,PG-13,01 Mar 2013,2 min,64,6.8,movie,"$18,390,117"
Slay,2021,N/A,26 Apr 2021,93 min,N/A,3.3,movie,N/A
The Paper Tigers,2020,PG-13,07 May 2021,2 min,67,6.3,movie,"$112,691"
HIT,2020,Not Rated,28 Feb 2020,2 min,N/A,7.6,movie,N/A
Navarasa,2021–,TV-MA,06 Aug 2021,1 min,N/A,5.8,series,na
Quam's Money,2020,N/A,11 Dec 2020,120 min,N/A,3.8,movie,N/A
The Swarm,1978,PG,14 Jul 1978,2 min,30,4.5,movie,N/A
Vivo,2021,PG,06 Aug 2021,95 min,66,6.6,movie,N/A
Chennai Express,2013,Not Rated,08 Aug 2013,2 min,45,6.0,movie,"$5,307,960"
City of God: 10 Years Later,2013,PG-13,20 Oct 2014,70 min,N/A,6.4,movie,N/A
Esperando la carroza 2: Se acabó la fiesta,2009,N/A,02 Apr 2009,88 min,N/A,3.2,movie,N/A
Lady Boss: The Jackie Collins Story,2021,TV-14,27 Jun 2021,2 min,70,6.8,movie,N/A
Tango (feroz),2001,N/A,N/A,44 min,N/A,7.5,movie,N/A
Space Station 76,2014,R,08 Mar 2014,1 min,49,4.9,movie,N/A
Aftermath,2017,R,07 Apr 2017,94 min,44,5.6,movie,N/A
Car Masters: Rust to Riches,2018–,TV-PG,14 Sep 2018,43S min,N/A,8.4,series,na
Cocaine Cowboys: The Kings of Miami,2021,TV-MA,04 Aug 2021,N/A,N/A,7.1,series,na
Control Z,2020–2022,TV-MA,22 May 2020,37 min,N/A,6.9,series,na
Cooking with Paris,2021,TV-MA,04 Aug 2021,1 min,N/A,5.3,series,na
Autumn's Concerto,2009–2010,N/A,04 Oct 2009,90 min,N/A,7.8,series,na
Heavy,1995,R,05 Jun 1996,105 min,75,6.8,movie,"$941,414"
Ijé: The Journey,2010,N/A,30 Jul 2010,107 min,N/A,6.2,movie,N/A
Office Girls,2011–,N/A,21 Aug 2011,90 min,N/A,6.8,series,na
Pray Away,2021,PG-13,03 Aug 2021,2 min,76,6.5,movie,N/A
Shiny_Flakes: The Teenage Drug Lord,2021,TV-MA,03 Aug 2021,96 min,N/A,7.3,movie,N/A
Top Secret UFO Projects: Declassified,2021–,N/A,19 Jan 2021,N/A,N/A,5.5,series,na
Two Fathers,2013,N/A,26 Mar 2013,50 min,N/A,7.7,series,na
You're My Destiny,2017,N/A,04 Sep 2017,60 min,N/A,7.6,series,na
30 Rock,2006–2013,TV-14,11 Oct 2006,22 min,N/A,8.3,series,na
44 Cats,2018–,TV-Y7,10 Jun 2019,13 min,N/A,6.0,series,na
Beethoven,1992,PG,03 Apr 1992,2 min,N/A,5.7,movie,"$57,114,049"
Beethoven's 2nd,1993,PG,17 Dec 1993,2 min,N/A,4.9,movie,"$53,443,066"
Beowulf,2007,PG-13,16 Nov 2007,115 min,59,6.3,movie,"$82,280,579"
Boyka: Undisputed,2016,R,27 Jul 2017,86 min,N/A,7.0,movie,N/A
Catch Me If You Can,2002,PG-13,25 Dec 2002,2 min,75,8.1,movie,"$164,615,351"
Cloudy with a Chance of Meatballs,2009,PG,18 Sep 2009,2 min,66,6.9,movie,"$124,870,275"
Darwin's Game,2020–,TV-14,04 Jan 2020,23 min,N/A,7.2,series,na
Deep Blue Sea,1999,R,28 Jul 1999,105 min,54,5.9,movie,"$73,648,142"
Ferris Bueller's Day Off,1986,PG-13,11 Jun 1986,103 min,61,7.8,movie,"$70,136,369"
Five Feet Apart,2019,PG-13,15 Mar 2019,116 min,53,7.2,movie,"$45,729,221"
Freedomland,2006,R,17 Feb 2006,2 min,43,5.1,movie,"$12,512,886"
Friday Night Lights,2006–2011,TV-14,03 Oct 2006,44 min,N/A,8.7,series,na
Good Luck Chuck,2007,R,21 Sep 2007,96 min,19,5.6,movie,"$35,017,297"
Inception,2010,PG-13,16 Jul 2010,148 min,74,8.8,movie,"$292,587,330"
Magnolia,1999,R,07 Jan 2000,188 min,77,8.0,movie,"$22,455,976"
Major Payne,1995,PG-13,24 Mar 1995,28S min,34,6.2,movie,"$29,412,050"
My Girl,1991,PG,27 Nov 1991,102 min,56,6.9,movie,"$59,489,799"
My Girl 2,1994,PG,11 Feb 1994,31S min,N/A,5.2,movie,"$17,359,799"
Open Season: Scared Silly!,2015,PG,08 Mar 2016,84 min,N/A,5.1,movie,N/A
Pineapple Express,2008,R,06 Aug 2008,111 min,64,6.9,movie,"$87,341,380"
Planet 51,2009,PG,20 Nov 2009,91 min,39,6.0,movie,"$42,194,060"
Poms,2019,PG-13,10 May 2019,2 min,36,6.0,movie,"$13,631,124"
Seabiscuit,2003,PG-13,25 Jul 2003,140 min,72,7.3,movie,"$120,277,854"
Space Cowboys,2000,PG-13,04 Aug 2000,2 min,73,6.5,movie,"$90,464,773"
Team America: World Police,2004,R,15 Oct 2004,1 min,64,7.2,movie,"$32,786,074"
The Edge of Seventeen,2016,R,18 Nov 2016,104 min,77,7.3,movie,"$14,431,633"
The Haunting in Connecticut 2: Ghosts of Georgia,2013,R,01 Feb 2013,100 min,26,5.2,movie,N/A
The Last Boy Scout,1991,R,13 Dec 1991,105 min,52,7.0,movie,"$59,509,925"
The Lincoln Lawyer,2011,R,18 Mar 2011,118 min,63,7.3,movie,"$58,009,200"
The Losers,2010,PG-13,23 Apr 2010,97 min,44,6.3,movie,"$23,591,432"
The Machinist,2004,R,03 Dec 2004,101 min,61,7.7,movie,"$1,082,715"
The Net,1995,PG-13,28 Jul 1995,114 min,51,5.9,movie,"$50,727,965"
The Original Kings of Comedy,2000,R,18 Aug 2000,115 min,73,6.8,movie,"$38,182,790"
Valentine's Day,2010,PG-13,12 Feb 2010,125 min,34,5.7,movie,"$110,528,528"
Charmed,1998–2006,TV-14,07 Oct 1998,42 min,N/A,7.1,series,na
The Lost Café,2018,N/A,18 May 2018,76 min,N/A,7.0,movie,N/A
The Vault,2021,R,26 Mar 2021,118 min,50,6.4,movie,N/A
Centaurworld,2021,TV-Y7,30 Jul 2021,N/A,N/A,7.6,series,na
Eyes of a Thief,2014,Not Rated,01 Oct 2014,98 min,N/A,6.5,movie,N/A
Glow Up: Britain's Next Make-Up Star,2019–,TV-14,06 Mar 2019,32S min,N/A,6.8,series,na
I'm Glad I Did,2020,N/A,05 Jul 2020,114 min,N/A,8.4,movie,N/A
Khawatir,2005–2015,N/A,04 Oct 2005,25 min,N/A,9.5,series,na
Myth,2020,N/A,24 Jul 2020,89 min,N/A,5.1,movie,N/A
Outer Banks,2020–,TV-MA,15 Apr 2020,50 min,N/A,7.5,series,na
The Last Mercenary,2021,TV-MA,30 Jul 2021,110 min,48,5.3,movie,N/A
Flower Girl,2009,TV-PG,14 Nov 2009,90 min,N/A,5.9,movie,N/A
Resort to Love,2021,PG,29 Jul 2021,101 min,46,5.7,movie,N/A
Bartkowiak,2021,TV-MA,28 Jul 2021,2 min,N/A,5.1,movie,N/A
Fantastic Fungi,2019,Not Rated,11 Oct 2019,81 min,70,7.4,movie,"$1,788,322"
Tattoo Redo,2021–,TV-MA,28 Jul 2021,1 min,N/A,5.9,series,na
The Flash,2014–2023,TV-PG,07 Oct 2014,43 min,N/A,7.6,series,na
The Snitch Cartel: Origins,2021–,TV-MA,28 Jul 2021,N/A,N/A,5.6,series,na
All American,2018–,TV-14,10 Oct 2018,45 min,N/A,7.5,series,na
Department,2012,Not Rated,18 May 2012,2 min,N/A,3.1,movie,N/A
Hostage House,2021,TV-14,27 Jul 2021,85 min,N/A,3.9,movie,N/A
How to Sell Drugs Online (Fast),2019–,TV-MA,31 May 2019,30 min,N/A,7.9,series,na
Mighty Express,2020–,TV-Y,22 Sep 2020,N/A,N/A,5.0,series,na
Mimi,2021,TV-14,26 Jul 2021,132 min,N/A,7.9,movie,N/A
Plastic Cup Boyz: Laughing My Mask Off!,2021,N/A,27 Jul 2021,N/A,N/A,N/A,movie,N/A
The Operative,2019,TV-MA,24 Jul 2019,116 min,47,5.7,movie,N/A
The Walking Dead,2010–2022,TV-MA,31 Oct 2010,44 min,N/A,8.2,series,na
Wynonna Earp,2016–2021,TV-14,01 Apr 2016,1 min,N/A,7.3,series,na
Django Unchained,2012,R,25 Dec 2012,165 min,81,8.4,movie,"$162,805,434"
A Second Chance: Rivals!,2019,PG,05 Feb 2020,1 min,N/A,4.7,movie,N/A
African America,2021,N/A,23 Jul 2021,96 min,N/A,5.5,movie,N/A
Bankrolled,2021,TV-MA,23 Jul 2021,2 min,N/A,4.0,movie,N/A
Blood Red Sky,2021,TV-MA,23 Jul 2021,121 min,43,6.1,movie,N/A
Feels Like Ishq,2021–,TV-MA,23 Jul 2021,N/A,N/A,6.4,series,na
Kingdom: Ashin of the North,2021,TV-MA,23 Jul 2021,92 min,N/A,N/A,movie,N/A
Masters of the Universe: Revelation,2021–,TV-PG,23 Jul 2021,N/A,N/A,5.2,series,na
Sky Rojo,2021–2022,TV-MA,19 Mar 2021,N/A,N/A,6.5,series,na
The Last Letter from Your Lover,2021,TV-MA,23 Jul 2021,2 min,57,6.6,movie,N/A
The Movies That Made Us,2019–,TV-PG,29 Nov 2019,45 min,N/A,7.6,series,na
9to5: The Story of A Movement,2020,N/A,01 Feb 2021,33S min,N/A,7.7,movie,N/A
Chhota Bheem Neeli Pahaadi,2013,N/A,22 Jul 2021,63 min,N/A,N/A,movie,N/A
Chhota Bheem,2008–,N/A,31 Dec 2008,15 min,N/A,4.1,series,na
Chhota Bheem,2008–,N/A,31 Dec 2008,15 min,N/A,4.1,series,na
Chhota Bheem,2008–,N/A,31 Dec 2008,15 min,N/A,4.1,series,na
Chhota Bheem and the Broken Amulet,2012,Not Rated,N/A,63 min,N/A,N/A,movie,N/A
Chhota Bheem and the ShiNobi Secret,2013,N/A,N/A,63 min,N/A,N/A,movie,N/A
Chhota Bheem aur Hanuman,2012,N/A,N/A,67 min,N/A,6.2,movie,N/A
Chhota Bheem Aur Krishna,2008,G,24 Aug 2008,69 min,N/A,6.4,movie,N/A
Chhota Bheem in African Safari,2015,N/A,N/A,62 min,N/A,N/A,movie,N/A
Chhota Bheem Dus pe Dus,2014,G,N/A,62 min,N/A,5.3,movie,N/A
Chhota Bheem Master of Shaolin,2011,N/A,N/A,75 min,N/A,6.2,movie,N/A
Chicago Med,2015–,TV-14,17 Nov 2015,32S min,N/A,7.6,series,na
Cousins,1989,PG-13,10 Feb 1989,2 min,N/A,6.3,movie,"$22,026,369"
Words Bubble Up Like Soda Pop,2020,TV-PG,22 Jul 2021,87 min,N/A,6.8,movie,N/A
Sanitation Day,2020,N/A,25 Dec 2020,104 min,N/A,3.2,movie,N/A
Sexy Beasts,2021–,TV-14,21 Jul 2021,N/A,N/A,4.6,series,na
Too Hot to Handle: Brazil,2021–,TV-MA,21 Jul 2021,2 min,N/A,5.5,series,na
Trollhunters: Rise of the Titans,2021,TV-Y7,21 Jul 2021,104 min,N/A,6.6,movie,N/A
Milkwater,2020,N/A,21 May 2021,101 min,N/A,5.6,movie,N/A
Okupas,2000,N/A,18 Oct 2000,60 min,N/A,9.0,series,na
Touch Your Heart,2019,N/A,06 Feb 2019,60 min,N/A,7.6,series,na
The Tambour of Retribution,2020,N/A,20 Jul 2021,92 min,N/A,6.8,movie,N/A
Cosmic Sin,2021,R,12 Mar 2021,88 min,9,2.5,movie,N/A
2 Weeks in Lagos,2019,N/A,02 Mar 2021,107 min,N/A,6.3,movie,N/A
Deep,2017,PG,15 Jan 2018,92 min,N/A,4.1,movie,N/A
Explained,2018–,TV-MA,23 May 2018,18 min,N/A,8.0,series,na
Johnny Test,2005–2014,TV-Y7,01 Jan 2005,1 min,N/A,5.1,series,na
Naomi Osaka,2021,TV-14,16 Jul 2021,N/A,N/A,6.2,series,na
The Beguiled,2017,R,30 Jun 2017,93 min,77,6.3,movie,"$10,709,995"
The Book of Henry,2017,PG-13,23 Jun 2017,2 min,31,6.5,movie,"$4,504,974"
The Twilight Saga: Breaking Dawn - Part 1,2011,PG-13,18 Nov 2011,117 min,45,4.9,movie,"$281,287,133"
The Twilight Saga: Breaking Dawn - Part 2,2012,PG-13,16 Nov 2012,115 min,52,5.5,movie,"$292,324,737"
The Twilight Saga: Eclipse,2010,PG-13,30 Jun 2010,1 min,58,5.0,movie,"$300,531,751"
The Twilight Saga: New Moon,2009,PG-13,20 Nov 2009,130 min,44,4.7,movie,"$297,816,253"
Twilight,2008,PG-13,21 Nov 2008,122 min,56,5.3,movie,"$193,962,473"
A Perfect Fit,2021,TV-PG,15 Jul 2021,112 min,N/A,5.3,movie,N/A
Beastars,2019–,TV-MA,13 Mar 2020,32S min,N/A,7.7,series,na
Cheech,2006,N/A,10 Sep 2006,104 min,N/A,6.3,movie,"$329,972"
Emicida: AmarElo - Live in São Paulo,2021,N/A,15 Jul 2021,99 min,N/A,N/A,movie,N/A
Her Private Life,2019,N/A,10 Apr 2019,75 min,N/A,7.7,series,na
Lift Like a Girl,2020,N/A,16 Jun 2021,92 min,N/A,7.8,movie,N/A
My Amanda,2021,TV-14,15 Jul 2021,89 min,N/A,5.7,movie,N/A
Never Have I Ever,2020–2023,TV-14,27 Apr 2020,30 min,N/A,7.9,series,na
Surf's Up,2007,PG,08 Jun 2007,53S min,64,6.7,movie,"$58,867,694"
The Unknown Saint,2019,N/A,01 Jan 2020,100 min,N/A,6.5,movie,N/A
This Changes Everything,2018,TV-PG,31 Oct 2019,96 min,63,7.6,movie,"$64,988"
A Classic Horror Story,2021,TV-MA,14 Jul 2021,39S min,N/A,5.7,movie,N/A
Gunpowder Milkshake,2021,R,14 Jul 2021,114 min,47,6.0,movie,N/A
Heist,2001,R,09 Nov 2001,109 min,66,6.5,movie,"$23,510,841"
My Unorthodox Life,2021–,TV-MA,14 Jul 2021,N/A,N/A,5.6,series,na
Private Network: Who Killed Manuel Buendía?,2021,TV-MA,14 Jul 2021,100 min,N/A,6.8,movie,N/A
The Guide to the Perfect Family,2021,TV-MA,14 Jul 2021,2 min,N/A,6.4,movie,N/A
American Woman,2018,R,14 Jun 2019,111 min,68,6.8,movie,"$236,637"
Day of Destiny,2021,N/A,01 Jan 2021,109 min,N/A,5.2,movie,N/A
Ridley Jones,2021–,TV-Y,13 Jul 2021,27 min,N/A,4.7,series,na
Born to Play,2020,N/A,01 Jul 2020,1 min,N/A,8.9,movie,N/A
American Ultra,2015,R,21 Aug 2015,96 min,50,6.1,movie,"$14,440,985"
The Stand-up,1994,N/A,N/A,95 min,N/A,6.8,movie,N/A
The Tour,2014,N/A,25 Aug 2014,15 min,N/A,6.9,movie,N/A
Atypical,2017–2021,TV-MA,11 Aug 2017,30 min,N/A,8.3,series,na
Biohackers,2020–,TV-MA,20 Aug 2020,2 min,N/A,6.8,series,na
Finding Hubby,2020,N/A,04 Dec 2020,104 min,N/A,4.1,movie,N/A
How to Become a Tyrant,2021–,TV-14,09 Jul 2021,1 min,N/A,7.4,series,na
Last Summer,2021,TV-14,09 Jul 2021,101 min,N/A,6.3,movie,N/A
Lee Su-geun: The Sense Coach,2021,N/A,09 Jul 2021,45 min,N/A,4.2,movie,N/A
Lethal Love,2021,N/A,08 Jul 2021,87 min,N/A,4.5,movie,N/A
The Cook of Castamar,2021,TV-MA,09 Jul 2021,2 min,N/A,7.4,series,na
Virgin River,2019–,TV-14,06 Dec 2019,44 min,N/A,7.4,series,na
Back to Q82,2017,N/A,31 Aug 2017,105 min,N/A,N/A,movie,N/A
Elize Matsunaga: Once Upon a Crime,2021,TV-MA,08 Jul 2021,N/A,N/A,5.9,series,na
Home Again,2017,PG-13,08 Sep 2017,97 min,41,5.8,movie,"$27,020,284"
Midnight Sun,2018,PG-13,23 Mar 2018,2 min,38,6.6,movie,"$9,561,064"
Resident Evil: Infinite Darkness,2021–,TV-MA,08 Jul 2021,N/A,N/A,5.7,series,na
Rock the Kasbah,2015,R,23 Oct 2015,106 min,29,5.5,movie,"$3,020,664"
Awon Boyz,2019,N/A,22 Mar 2019,38 min,N/A,N/A,movie,N/A
Brick Mansions,2014,PG-13,25 Apr 2014,90 min,40,5.6,movie,"$20,396,829"
Cat People,1942,Not Rated,25 Dec 1942,1 min,N/A,7.2,movie,N/A
Clash,2016,Not Rated,27 Jul 2016,97 min,78,7.4,movie,"$18,215"
Dogs,2016,N/A,10 Sep 2021,104 min,55,7.1,movie,N/A
Major Grom: Plague Doctor,2021,TV-14,08 Apr 2021,136 min,N/A,6.3,movie,N/A
Mama Drama,2012–,N/A,01 Jan 2012,60 min,N/A,5.8,series,na
Tango with Me,2010,N/A,17 Apr 2011,104 min,N/A,6.3,movie,N/A
The Mire,2018–,TV-MA,25 Mar 2020,50 min,N/A,7.0,series,na
The War Next-door,2021–,TV-MA,07 Jul 2021,1 min,N/A,5.7,series,na
Therapy,2016,Not Rated,17 Nov 2016,96 min,N/A,5.2,movie,N/A
This Little Love of Mine,2021,TV-G,07 Jun 2021,91 min,N/A,5.3,movie,N/A
Three Thieves,1926,N/A,29 Oct 1933,66 min,N/A,7.0,movie,N/A
A Land Imagined,2018,N/A,12 Apr 2019,2 min,59,6.2,movie,N/A
Ask the StoryBots,2016–2019,TV-Y,12 Aug 2016,1 min,N/A,8.3,series,na
Between,2015–2016,TV-14,21 May 2015,60 min,N/A,5.9,series,na
Chelsea,2016–2017,TV-MA,11 May 2016,30 min,N/A,6.0,series,na
Code Lyoko,2003–2007,TV-Y7,19 Apr 2004,26 min,N/A,7.3,series,na
Colony,2016–2018,TV-14,14 Jan 2016,42 min,N/A,7.3,series,na
Cuckoo,2012–,TV-14,07 Mar 2016,1 min,N/A,7.2,series,na
Derry Girls,2018–2022,TV-MA,21 Dec 2018,30 min,N/A,8.5,series,na
Girl From Nowhere,2018–,TV-MA,31 Oct 2018,45 min,N/A,7.6,series,na
Good Morning Call,2016–2017,TV-14,12 Feb 2016,48 min,N/A,7.5,series,na
Har Kisse Ke Hisse: Kaamyaab,2018,N/A,06 Mar 2020,109 min,N/A,7.8,movie,N/A
I Am a Killer,2018–2022,TV-MA,03 Aug 2018,3 min,N/A,7.4,series,na
I Think You Should Leave with Tim Robinson,2019–,TV-MA,23 Apr 2019,16 min,N/A,7.9,series,na
Kim's Convenience,2016–2021,TV-14,11 Oct 2016,22 min,N/A,8.2,series,na
Larva,2005,R,22 Jan 2005,96 min,N/A,4.2,movie,N/A
Marcella,2016–,TV-MA,04 Apr 2016,45 min,N/A,7.4,series,na
Midnight Diner: Tokyo Stories,2016–2019,TV-14,21 Oct 2016,24 min,N/A,8.4,series,na
My Little Pony: Friendship Is Magic,2010–2020,TV-Y,10 Oct 2010,22 min,N/A,7.6,series,na
Orange Is the New Black,2013–2019,TV-MA,11 Jul 2013,59 min,N/A,8.1,series,na
Puffin Rock,2015–2016,TV-Y,12 Jan 2015,7 min,N/A,8.6,series,na
Rehmataan,2012,N/A,16 Mar 2012,N/A,N/A,N/A,movie,N/A
Return of the Prodigal Son,1978,N/A,24 Sep 1976,120 min,N/A,7.2,movie,N/A
Richie Rich,1994,PG,21 Dec 1994,1 min,49,5.4,movie,"$38,087,756"
Rise: Ini Kalilah,2018,N/A,13 Sep 2018,100 min,N/A,5.1,movie,N/A
Scream,1996,R,20 Dec 1996,111 min,65,7.4,movie,"$103,046,663"
Shtisel,2013–2021,TV-14,15 Dec 2018,45 min,N/A,8.6,series,na
Si Doel the Movie 2,2019,N/A,04 Jun 2019,95 min,N/A,7.0,movie,N/A
Some Assembly Required,2014–2016,TV-G,06 Jan 2014,1 min,N/A,4.4,series,na
Tales by Light,2015–,N/A,24 May 2015,23 min,N/A,8.3,series,na
Terrace House: Opening New Doors,2017–2019,N/A,19 Dec 2017,42 min,N/A,7.8,series,na
The A List,2018–,TV-14,30 Aug 2019,25 min,N/A,5.4,series,na
The New Legends of Monkey,2018–,TV-PG,28 Apr 2018,24 min,N/A,6.5,series,na
The Worst Witch,1986,G,31 Oct 1986,70 min,N/A,6.8,movie,N/A
Truckbhar Swapna,2018,N/A,24 Aug 2018,128 min,N/A,5.7,movie,N/A
Ujala,1959,N/A,N/A,109 min,N/A,6.8,movie,N/A
Undercover,2011–2016,N/A,17 Apr 2011,60 min,N/A,8.8,series,na
Workin' Moms,2017–2023,TV-MA,10 Jan 2017,30 min,N/A,7.7,series,na
YooHoo to the Rescue,2019–,TV-Y,15 Mar 2019,32S min,N/A,6.7,series,na
You Are My Spring,2021–,N/A,05 Jul 2021,31S min,N/A,7.4,series,na
We the People,2021–,TV-PG,04 Jul 2021,1 min,N/A,3.6,series,na
Grey's Anatomy,2005–,TV-14,27 Mar 2005,41 min,N/A,7.6,series,na
Big Timber,2020–,N/A,02 Jul 2021,1 min,N/A,6.7,series,na
Haseen Dillruba,2021,TV-MA,02 Jul 2021,41S min,N/A,6.9,movie,N/A
Mortel,2019–2021,TV-MA,21 Nov 2019,40 min,N/A,6.4,series,na
RattleSnake: The Ahanna Story,2020,N/A,13 Nov 2020,135 min,N/A,4.8,movie,N/A
Snowpiercer,2013,R,11 Jul 2014,126 min,84,7.1,movie,"$4,563,650"
The 8th Night,2021,TV-MA,02 Jul 2021,115 min,N/A,5.3,movie,N/A
Winchester,2018,PG-13,02 Feb 2018,99 min,28,5.4,movie,"$25,091,816"
6 Bullets,2012,R,17 Nov 2012,115 min,N/A,6.0,movie,N/A
Air Force One,1997,R,25 Jul 1997,124 min,61,6.5,movie,"$172,956,409"
Audible,2021,PG-13,01 Jul 2021,39 min,N/A,6.7,movie,N/A
Austin Powers in Goldmember,2002,PG-13,26 Jul 2002,2 min,62,6.2,movie,"$213,307,889"
Austin Powers: International Man of Mystery,1997,PG-13,02 May 1997,2 min,51,7.0,movie,"$53,911,748"
Austin Powers: The Spy Who Shagged Me,1999,PG-13,11 Jun 1999,95 min,59,6.6,movie,"$206,040,086"
Boogie Nights,1997,R,31 Oct 1997,155 min,85,7.9,movie,"$26,416,349"
The Bureau of Magical Things,2018–,TV-G,07 Oct 2018,25 min,N/A,6.7,series,na
Charlie's Angels,2000,PG-13,03 Nov 2000,98 min,52,5.6,movie,"$125,305,545"
Congo,1995,PG-13,09 Jun 1995,109 min,22,5.2,movie,"$81,022,101"
Dennis the Menace,1993,PG,25 Jun 1993,94 min,49,5.6,movie,"$51,270,765"
Dreamy Eyes,2019,N/A,20 Dec 2019,117 min,N/A,6.9,movie,N/A
Dynasty Warriors,2021,N/A,29 Apr 2021,119 min,N/A,4.7,movie,N/A
Generation 56K,2021,TV-14,01 Jul 2021,N/A,N/A,7.4,series,na
Hampstead,2017,PG-13,14 Jun 2019,102 min,53,6.0,movie,"$144,396"
Kung Fu Panda,2008,PG,06 Jun 2008,92 min,74,7.6,movie,"$215,771,591"
Kung Fu Panda 2,2011,PG,26 May 2011,90 min,67,7.2,movie,"$165,249,063"
Life as We Know It,2010,PG-13,08 Oct 2010,114 min,39,6.5,movie,"$53,374,681"
Mary Magdalene,2018,R,16 Mar 2018,2 min,48,5.9,movie,"$124,741"
Masameer County,2021–,TV-MA,01 Jul 2021,N/A,N/A,8.0,series,na
Memoirs of a Geisha,2005,PG-13,23 Dec 2005,145 min,54,7.3,movie,"$57,490,508"
Midnight Run,1988,R,20 Jul 1988,2 min,78,7.5,movie,"$38,413,606"
Mobile Suit Gundam: Hathaway,2021,TV-14,01 Jul 2021,95 min,N/A,6.6,movie,N/A
Mortal Kombat,2021,R,23 Apr 2021,110 min,44,6.1,movie,"$42,326,031"
Mother's Day,2016,PG-13,29 Apr 2016,118 min,18,5.6,movie,"$32,492,859"
No Strings Attached,2011,R,21 Jan 2011,108 min,50,6.2,movie,"$70,662,220"
Not Another Teen Movie,2001,R,14 Dec 2001,89 min,32,5.7,movie,"$38,252,284"
Ophelia,2018,PG-13,28 Jun 2019,106 min,60,6.5,movie,"$50,722"
Quarantine Tales,2020,N/A,18 Dec 2020,87 min,N/A,6.2,movie,N/A
Rainbow Rangers,2018–,TV-Y,05 Nov 2018,N/A,N/A,4.3,series,na
Red Joan,2018,R,19 Apr 2019,101 min,45,6.4,movie,"$1,579,730"
Sailor Moon Crystal,2014–,TV-14,20 Nov 2015,24 min,N/A,7.8,series,na
Seven Pounds,2008,PG-13,19 Dec 2008,123 min,36,7.6,movie,"$69,951,824"
She's Out of My League,2010,R,12 Mar 2010,104 min,46,6.4,movie,"$32,010,860"
Snow Day,2000,PG,11 Feb 2000,1 min,34,5.1,movie,"$60,020,107"
Star Trek,2009,PG-13,08 May 2009,127 min,82,7.9,movie,"$257,730,019"
Stuart Little,1999,PG,17 Dec 1999,2 min,61,6.0,movie,"$140,035,367"
Sword of Trust,2019,R,19 Jul 2019,1 min,70,6.3,movie,"$322,421"
Talladega Nights: The Ballad of Ricky Bobby,2006,PG-13,04 Aug 2006,108 min,66,6.6,movie,"$148,213,377"
The American,2010,R,01 Sep 2010,105 min,61,6.3,movie,"$35,606,376"
The Best of Enemies,2019,PG-13,05 Apr 2019,133 min,49,7.3,movie,"$10,205,616"
The Game,1997,R,12 Sep 1997,129 min,61,7.7,movie,"$48,323,648"
The Karate Kid,1984,PG,22 Jun 1984,126 min,60,7.3,movie,"$91,077,276"
The Karate Kid Part II,1986,PG,20 Jun 1986,113 min,55,6.1,movie,"$115,103,979"
The Karate Kid Part III,1989,PG,30 Jun 1989,112 min,36,5.2,movie,"$38,956,288"
The Life of David Gale,2003,R,21 Feb 2003,31S min,31,7.5,movie,"$19,955,598"
The Long Riders,1980,R,16 May 1980,2 min,64,6.9,movie,"$15,795,189"
The Queen,2006,PG-13,17 Nov 2006,103 min,91,7.3,movie,"$56,441,711"
The Strangers,2008,R,30 May 2008,86 min,47,6.1,movie,"$52,597,610"
The Sum of All Fears,2002,PG-13,31 May 2002,124 min,45,6.4,movie,"$118,907,036"
The Tourist,2010,PG-13,10 Dec 2010,1 min,37,6.0,movie,"$67,631,157"
Underworld,2003,R,19 Sep 2003,121 min,42,7.0,movie,"$51,970,690"
Underworld: Awakening,2012,R,20 Jan 2012,88 min,39,6.3,movie,"$62,321,039"
Underworld: Rise of the Lycans,2009,R,23 Jan 2009,92 min,44,6.5,movie,"$45,802,315"
Voiceless,2015,PG-13,N/A,107 min,N/A,2.1,movie,"$419,952"
What Dreams May Come,1998,PG-13,02 Oct 1998,31S min,44,6.9,movie,"$55,382,927"
Why Do Fools Fall in Love,1998,R,28 Aug 1998,116 min,N/A,6.3,movie,"$12,461,773"
Working Title,1992,N/A,20 Jun 1992,N/A,N/A,9.4,movie,N/A
Young Royals,2021–,TV-MA,01 Jul 2021,N/A,N/A,8.3,series,na
America: The Motion Picture,2021,TV-MA,30 Jun 2021,98 min,38,5.6,movie,N/A
Deranged,2012,Not Rated,27 Jul 2012,1 min,N/A,6.3,movie,N/A
Droppin' Cash: Los Angeles,2018–,N/A,25 Jan 2018,N/A,N/A,3.5,series,na
Lying and Stealing,2019,R,12 Jul 2019,100 min,50,5.4,movie,N/A
Mommy Issues,2021,N/A,07 May 2021,90 min,N/A,5.4,movie,N/A
Prime Time,2021,TV-MA,30 Jun 2021,41S min,N/A,5.2,movie,N/A
Somos.,2021,TV-MA,30 Jun 2021,N/A,N/A,7.1,series,na
Sophie: A Murder in West Cork,2021,TV-14,30 Jun 2021,N/A,N/A,6.8,series,na
The Daily Life of the Immortal King,2020–,TV-14,18 Jan 2020,N/A,N/A,7.2,series,na
StarBeam,2020–,TV-Y,03 Apr 2020,N/A,N/A,7.0,series,na
A Way Back Home,2013,TV-G,01 Jun 2013,84 min,N/A,5.8,movie,N/A
Killing Them Softly,2012,R,30 Nov 2012,97 min,64,6.2,movie,"$15,026,056"
The Seven Deadly Sins,2014–2021,TV-14,01 Nov 2015,1 min,N/A,7.9,series,na
Wanted,2008,R,27 Jun 2008,110 min,64,6.7,movie,"$134,508,551"
Into the Wind,2022,TV-MA,10 Feb 2022,107 min,N/A,5.2,movie,N/A
Wonder Boy,2019,N/A,27 Nov 2019,1 min,N/A,6.7,movie,N/A
Here Comes the Rain,2010,N/A,01 Feb 2010,98 min,N/A,6.4,movie,N/A
The Ice Road,2021,PG-13,25 Jun 2021,109 min,42,5.6,movie,N/A
Ray,2004,PG-13,29 Oct 2004,1 min,73,7.7,movie,"$75,331,600"
Sex/Life,2021–,TV-MA,25 Jun 2021,N/A,N/A,5.4,series,na
Godzilla Singular Point,2021–,TV-14,24 Jun 2021,1 min,N/A,6.5,series,na
Jiva!,2021–,TV-MA,24 Jun 2021,N/A,N/A,5.4,series,na
Sisters on Track,2021,PG,24 Jun 2021,96 min,72,5.9,movie,N/A
The Naked Director,2019–,TV-MA,08 Aug 2019,18S min,N/A,7.7,series,na
The Seventh Day,2021,R,26 Mar 2021,87 min,43,4.5,movie,N/A
Good on Paper,2021,Unrated,23 Jun 2021,92 min,54,5.6,movie,N/A
Murder by the Coast,2021,TV-MA,23 Jun 2021,2 min,N/A,6.5,movie,N/A
The House of Flowers: The Movie,2021,TV-MA,23 Jun 2021,86 min,N/A,5.5,movie,N/A
The Parisian Agency: Exclusive Properties,2021–,TV-14,23 Jun 2021,N/A,N/A,7.5,series,na
Too Hot to Handle,2020–,TV-MA,17 Apr 2020,38S min,N/A,4.6,series,na
Broken,2012,Not Rated,08 Mar 2013,2 min,53,7.2,movie,N/A
Osuofia in London,2003,N/A,N/A,105 min,N/A,7.3,movie,N/A
This Is Pop,2021–,TV-MA,22 Jun 2021,60 min,N/A,6.9,series,na
Love Is a Story,2015,N/A,01 Nov 2015,97 min,N/A,6.0,movie,N/A
The Mole,2001–,N/A,09 Jan 2001,60 min,N/A,7.4,series,na
Nevertheless,2021,N/A,19 Jun 2021,N/A,N/A,7.2,series,na
Bangkok Love Stories: Innocence,2018–2019,N/A,08 Mar 2019,45 min,N/A,6.6,series,na
Black Lightning,2017–2021,TV-14,16 Jan 2018,43 min,N/A,6.0,series,na
Call My Agent!,2015–2020,TV-MA,20 Dec 2016,52 min,N/A,8.3,series,na
Champions,2018,TV-14,06 Apr 2018,124 min,N/A,7.2,movie,N/A
Cleo,2019,N/A,25 Jul 2019,99 min,N/A,6.5,movie,N/A
Deadwind: The Sharting Dead,2015,N/A,11 Jul 2015,N/A,N/A,8.1,movie,N/A
Glee,2009–2015,TV-PG,19 May 2009,44 min,N/A,6.8,series,na
Hap and Leonard,2016–2018,TV-MA,02 Mar 2016,21S min,N/A,7.6,series,na
Locked Up,2004,Not Rated,26 May 2005,96 min,N/A,5.0,movie,N/A
Mobile Suit Gundam II: Soldiers of Sorrow,1981,N/A,11 Jul 1981,139 min,N/A,7.2,movie,N/A
Mobile Suit Gundam III: Encounters in Space,1982,N/A,13 Mar 1982,144 min,N/A,7.6,movie,N/A
Mobile Suit Gundam: Char's Counterattack,1988,Not Rated,12 Mar 1988,124 min,N/A,7.3,movie,N/A
No Time for Shame,2019–,N/A,19 Nov 2019,N/A,N/A,5.8,series,na
Pose,2018–2021,TV-MA,03 Jun 2018,60 min,N/A,8.6,series,na
Rea(l)ove,2018–,TV-MA,27 Apr 2018,40 min,N/A,6.5,series,na
Riverdale,2017–,TV-14,26 Jan 2017,45 min,N/A,6.6,series,na
Schitt's Creek,2015–2020,TV-14,11 Feb 2015,22 min,N/A,8.5,series,na
Inside Look: The Assassination of Gianni Versace - American Crime Story,2017–2018,TV-MA,26 Dec 2017,3 min,N/A,7.7,series,na
The Judgement,2021,N/A,02 Sep 2021,130 min,N/A,7.5,movie,N/A
The Last Dance,2020,TV-MA,19 Apr 2020,491 min,N/A,9.1,series,na
They've Gotta Have Us,2018,TV-14,05 Feb 2020,59 min,N/A,7.8,series,na
Why Are You Like This?,2018–,N/A,27 Nov 2018,N/A,N/A,6.5,series,na
A Family,2017,N/A,28 Sep 2017,97 min,31,5.4,movie,N/A
Elite,2018–,TV-MA,05 Oct 2018,60 min,N/A,7.4,series,na
Fatherhood,2021,PG-13,18 Jun 2021,2 min,53,6.6,movie,N/A
Hospital Playlist,2020–2021,TV-14,12 Mar 2020,30S min,N/A,8.8,series,na
Jagame Thandhiram,2021,TV-MA,18 Jun 2021,2 min,N/A,5.8,movie,N/A
Kambili: The Whole 30 Yards,2020,N/A,16 Oct 2020,119 min,N/A,5.6,movie,N/A
Mobile Suit Gundam I,1981,TV-PG,14 Mar 1981,137 min,N/A,7.1,movie,N/A
So Not Worth It,2021–,TV-14,18 Jun 2021,31S min,N/A,7.0,series,na
The Rational Life,2021–,N/A,18 Jun 2021,45 min,N/A,8.1,series,na
Ali,2001,R,25 Dec 2001,157 min,65,6.7,movie,"$58,203,105"
Aziza,2019,N/A,16 Jun 2021,13 min,N/A,7.2,movie,N/A
Besieged Bread,2016,N/A,17 Mar 2016,15 min,N/A,N/A,movie,N/A
Black Summer,2019–,TV-MA,11 Apr 2019,1 min,N/A,6.5,series,na
Elite Short Stories: Carla Samuel,2021,TV-MA,17 Jun 2021,N/A,N/A,6.9,series,na
Fan Girl,2015,PG-13,03 Oct 2015,100 min,N/A,4.6,movie,N/A
Katla,2021–,TV-MA,17 Jun 2021,N/A,N/A,7.0,series,na
Record of Ragnarok,2021–,TV-14,17 Jun 2021,24 min,N/A,6.2,series,na
Red Snow,2021,N/A,06 Dec 2021,80 min,43,4.9,movie,N/A
Silver Linings Playbook,2012,R,25 Dec 2012,122 min,81,7.7,movie,"$132,092,958"
The Gift,2015,R,07 Aug 2015,1 min,77,7.0,movie,"$43,787,265"
Biking Borders,2021,N/A,19 Feb 2021,90 min,N/A,7.7,movie,N/A
Elite Short Stories: Omar Ander Alexis,2021,TV-MA,16 Jun 2021,N/A,N/A,7.3,series,na
Let's Eat,2013–,N/A,28 Nov 2013,50 min,N/A,7.7,series,na
Lowriders,2016,PG-13,28 Apr 2017,98 min,57,5.6,movie,"$6,303,560"
Millennials,2018–,N/A,26 Nov 2018,60 min,N/A,4.4,series,na
Penguin Town,2021–,TV-PG,16 Jun 2021,N/A,N/A,7.9,series,na
Security,2017,R,04 Mar 2017,1 min,N/A,5.7,movie,N/A
Silver Skates,2020,TV-MA,10 Dec 2020,2 min,N/A,7.1,movie,N/A
Lego Marvel Avengers: Climate Conundrum,2020,N/A,01 Nov 2020,30 min,N/A,6.5,series,na
Beyond Evil,2021–,N/A,15 Jun 2021,70 min,N/A,8.1,series,na
Elite Short Stories: Nadia Guzmán,2021,TV-MA,15 Jun 2021,N/A,N/A,6.3,series,na
FTA,1972,R,22 Nov 1972,103 min,75,6.2,movie,N/A
Headspace: Unwind Your Mind,2021,TV-G,15 Jun 2021,15 min,N/A,7.2,movie,N/A
Life of Crime,2013,R,29 Aug 2014,98 min,60,5.8,movie,"$265,452"
Power Rangers Dino Fury,2021–,TV-Y7,20 Feb 2021,38S min,N/A,6.8,series,na
Rhyme Time Town,2020–,TV-Y,19 Jun 2020,N/A,N/A,7.6,series,na
Rogue Warfare: Death of a Nation,2020,R,25 Sep 2020,95 min,N/A,3.3,movie,N/A
Sir! No Sir!,2005,Not Rated,24 Sep 2009,85 min,74,7.6,movie,"$116,944"
The American Bible Challenge,2012–,TV-G,23 Aug 2012,60 min,N/A,6.6,series,na
The Reason I Jump,2020,N/A,08 Jan 2021,82 min,83,7.4,movie,N/A
Elite Short Stories: Guzmán Caye Rebe,2021,TV-MA,14 Jun 2021,N/A,N/A,7.4,series,na
Metallica: Some Kind of Monster,2004,Not Rated,01 Sep 2004,84 min,74,7.5,movie,"$1,222,708"
Picture a Scientist,2020,N/A,12 Jun 2020,103 min,N/A,7.8,movie,N/A
The Devil Below,2021,N/A,05 Mar 2021,88 min,N/A,4.2,movie,N/A
Lego Friends: The Power of Friendship,2016,TV-G,04 Mar 2016,23 min,N/A,6.9,series,na
Lupin,2021–,TV-MA,08 Jan 2021,231 min,N/A,7.5,series,na
Sarbath,2021,N/A,11 Jun 2021,112 min,N/A,5.6,movie,N/A
Skater Girl,2021,PG,11 Jun 2021,107 min,N/A,6.6,movie,N/A
Trese,2021–,TV-MA,11 Jun 2021,2 min,N/A,7.0,series,na
Trese After Dark,2021,N/A,11 Jun 2021,35 min,N/A,N/A,movie,N/A
Wish Dragon,2021,PG,11 Jun 2021,98 min,59,7.2,movie,N/A
A Haunted House 2,2014,R,18 Apr 2014,86 min,17,4.6,movie,"$17,329,486"
Blind Intersections,2012,N/A,21 Feb 2013,90 min,N/A,6.6,movie,N/A
Camellia Sisters,2021,N/A,12 Feb 2021,115 min,N/A,6.8,movie,N/A
Copenhagen,2014,Not Rated,03 Oct 2014,98 min,71,7.0,movie,N/A
Locombianos,2021–,TV-MA,10 Jun 2021,2 min,N/A,N/A,series,na
Until Midnight,2018,N/A,21 Jun 2018,78 min,N/A,6.9,movie,N/A
Awake,2007,R,30 Nov 2007,2 min,33,6.5,movie,"$14,377,198"
Confusion Na Wa,2013,Not Rated,08 Jun 2021,105 min,N/A,7.0,movie,N/A
"Fresh, Fried and Crispy",2021–,TV-PG,09 Jun 2021,1 min,N/A,6.2,series,na
Tragic Jungle,2020,TV-MA,09 Jun 2021,1 min,70,5.6,movie,N/A
Guru Aur Bhole,2017–,N/A,N/A,N/A,N/A,4.6,series,na
Vampire Academy,2014,PG-13,07 Feb 2014,2 min,31,5.4,movie,"$7,791,979"
A Private War,2018,R,16 Nov 2018,110 min,75,6.7,movie,"$1,633,208"
Kitty Love: An Homage to Cats,2020,TV-PG,05 Jun 2021,60 min,N/A,5.1,movie,N/A
Small Chops,2020,N/A,31 Jan 2020,98 min,N/A,3.1,movie,N/A
Breaking Boundaries: The Science of Our Planet,2021,TV-PG,04 Jun 2021,73 min,N/A,7.8,movie,N/A
Feel Good,2020–2021,TV-MA,19 Mar 2020,1 min,N/A,7.5,series,na
Human: The World Within,2021–,TV-PG,05 May 2021,N/A,N/A,6.8,series,na
Sweet Home Alabama,2002,PG-13,27 Sep 2002,108 min,45,6.2,movie,"$127,223,418"
Sweet Tooth,2021–,TV-14,04 Jun 2021,N/A,N/A,7.8,series,na
Trippin' with the Kandasamys,2021,TV-14,04 Jun 2021,1 min,N/A,5.0,movie,N/A
Xtreme,2021,TV-MA,04 Jun 2021,111 min,N/A,5.8,movie,N/A
Alan Saldaña: Locked Up,2021,N/A,03 Jun 2021,49 min,N/A,N/A,movie,N/A
Creator's File: Gold,2021–,N/A,03 Jun 2021,N/A,N/A,N/A,series,na
Dancing Queens,2021,TV-MA,03 Jun 2021,110 min,N/A,5.6,movie,N/A
From Stress to Happiness,2020,N/A,15 Dec 2020,60 min,N/A,6.3,movie,N/A
Myriam Fares: The Journey,2021,N/A,03 Jun 2021,71 min,N/A,2.2,movie,N/A
Summertime,1955,Approved,07 Nov 1955,2 min,N/A,7.1,movie,N/A
The Girl and the Gun,1912,N/A,08 Aug 1912,N/A,N/A,N/A,movie,N/A
2 Hearts,2020,PG-13,16 Oct 2020,2 min,29,6.2,movie,"$1,349,286"
A Perfect Ending,2012,Not Rated,21 Jun 2013,3 min,N/A,5.5,movie,N/A
American Outlaws,2001,PG-13,17 Aug 2001,94 min,25,5.9,movie,"$13,342,790"
And Then Came Lola,2009,Not Rated,19 Jun 2009,71 min,N/A,3.9,movie,N/A
Attack on Titan,2013–2023,TV-MA,28 Sep 2013,24 min,N/A,9.0,series,na
Battlefield Earth,2000,PG-13,12 May 2000,118 min,9,2.5,movie,"$21,471,685"
Ben,1972,PG,23 Jun 1972,1 min,N/A,5.3,movie,"$769,986"
Bliss,2021,R,05 Feb 2021,103 min,40,5.3,movie,N/A
Carnaval,2021,TV-MA,02 Jun 2021,1 min,N/A,4.0,movie,N/A
Cloudburst,2011,Unrated,16 Sep 2011,93 min,N/A,7.2,movie,N/A
Cocomelon,2018–2022,TV-PG,01 Jun 2020,N/A,N/A,4.7,series,na
Company of Heroes,2013,R,26 Feb 2013,100 min,N/A,5.1,movie,N/A
Cradle 2 the Grave,2003,R,28 Feb 2003,2 min,36,5.8,movie,"$34,712,347"
Domestic Disturbance,2001,PG-13,02 Nov 2001,89 min,29,5.6,movie,"$45,246,095"
Downton Abbey,2010–2015,TV-PG,09 Jan 2011,58 min,N/A,8.7,series,na
Dream/Killer,2015,Not Rated,04 May 2015,106 min,N/A,7.4,movie,N/A
Felon,2008,R,18 Jul 2008,104 min,58,7.4,movie,N/A
Flipped,2010,PG,10 Sep 2010,90 min,45,7.7,movie,"$1,755,212"
Fools Rush In,1997,PG-13,14 Feb 1997,31S min,37,6.1,movie,"$29,481,428"
Gold Statue,2019,N/A,N/A,145 min,N/A,6.2,movie,N/A
Happy Endings,2011–2020,TV-14,13 Apr 2011,22 min,N/A,7.8,series,na
Hostel: Part III,2011,R,27 Dec 2011,88 min,N/A,4.6,movie,N/A
I Am Sam,2001,PG-13,25 Jan 2002,132 min,28,7.6,movie,"$40,311,852"
Love Jones,1997,R,14 Mar 1997,109 min,65,7.3,movie,"$12,479,335"
Million Dollar Baby,2004,PG-13,28 Jan 2005,132 min,86,8.1,movie,"$100,492,203"
Mosquita y Mari,2012,Not Rated,14 May 2013,85 min,66,6.3,movie,"$9,000"
Never Back Down 2: The Beatdown,2011,R,08 Apr 2011,99 min,N/A,5.7,movie,N/A
Ninja Assassin,2009,R,25 Nov 2009,99 min,34,6.3,movie,"$38,122,883"
Ouran High School Host Club,2006,TV-14,04 Apr 2006,1 min,N/A,8.2,series,na
Population 436,2006,R,05 Sep 2006,92 min,N/A,5.7,movie,N/A
Racket Boys,2021–,TV-14,31 May 2021,N/A,N/A,4.0,series,na
Seven Souls in the Skull Castle: Season Moon Jogen,2021,N/A,01 Jun 2021,212 min,N/A,N/A,movie,N/A
Seven Souls in the Skull Castle: Season Moon Kagen,2021,N/A,01 Jun 2021,212 min,N/A,N/A,movie,N/A
Sniper: Legacy,2014,R,23 Feb 2015,95 min,N/A,5.3,movie,N/A
Starsky & Hutch,2004,PG-13,05 Mar 2004,101 min,55,6.1,movie,"$88,237,754"
Streets of Fire,1984,PG,01 Jun 1984,93 min,59,6.7,movie,"$8,089,290"
Super Monsters: Once Upon a Rhyme,2021,N/A,01 Jun 2021,25 min,N/A,5.8,movie,N/A
Swordfish,2001,R,08 Jun 2001,99 min,32,6.5,movie,"$69,772,969"
The Four Seasons,1981,PG,22 May 1981,107 min,55,6.8,movie,"$50,427,646"
The Girl King,2015,Not Rated,08 Dec 2015,106 min,37,5.8,movie,N/A
The Interpreter,2005,PG-13,22 Apr 2005,128 min,62,6.4,movie,"$72,708,161"
The Meddler,2015,PG-13,03 Jun 2016,103 min,68,6.3,movie,"$4,267,218"
The Mirror Has Two Faces,1996,PG-13,15 Nov 1996,2 min,N/A,6.6,movie,"$41,083,864"
The Outlaw Josey Wales,1976,PG,30 Jun 1976,2 min,69,7.8,movie,"$31,800,000"
The Platform,2019,TV-MA,20 Mar 2020,94 min,73,7.0,movie,N/A
The Wedding Guest,2018,R,08 Mar 2019,96 min,57,5.8,movie,"$386,166"
The Wind,2018,R,05 Apr 2019,88 min,66,5.6,movie,"$28,252"
Then Came You,2018,Not Rated,01 Feb 2019,2 min,44,6.9,movie,N/A
Welcome Home,2018,R,16 Nov 2018,1 min,38,5.2,movie,N/A
Dirty John,2018–,TV-14,25 Nov 2018,31S min,N/A,7.2,series,na
One Lagos Night,2021,N/A,15 Apr 2021,104 min,N/A,6.6,movie,N/A
Collateral Beauty,2016,PG-13,16 Dec 2016,97 min,23,6.7,movie,"$31,016,021"
The Kominsky Method,2018–2021,TV-MA,16 Nov 2018,2 min,N/A,8.2,series,na
Word of Honor,2021–,TV-14,28 May 2021,N/A,N/A,8.6,series,na
Black Space,2020–,TV-MA,27 May 2021,45 min,N/A,6.7,series,na
Blue Miracle,2021,TV-PG,27 May 2021,95 min,48,6.6,movie,N/A
Eden,2012,R,19 Jul 2013,2 min,63,6.6,movie,N/A
Ghost Lab,2021,TV-MA,26 May 2021,117 min,N/A,5.1,movie,N/A
Ragnarok,2020–,TV-MA,31 Jan 2020,29S min,N/A,7.5,series,na
Soy Rada: Serendipity,2021,TV-MA,27 May 2021,68 min,N/A,N/A,movie,N/A
The Day I Lost My Shadow,2018,N/A,28 Sep 2019,94 min,N/A,5.9,movie,N/A
Baggio: The Divine Ponytail,2021,TV-MA,26 May 2021,1 min,N/A,6.1,movie,N/A
Gatao: The Last Stray,2021,N/A,05 Feb 2021,121 min,N/A,N/A,movie,N/A
High on the Hog: How African American Cuisine Transformed America,2021–2022,TV-14,26 May 2021,N/A,N/A,7.7,series,na
JoJo's Bizarre Adventure,2012–,TV-14,04 Oct 2012,30 min,N/A,8.4,series,na
Nail Bomber: Manhunt,2021,TV-MA,26 May 2021,1 min,N/A,6.3,movie,N/A
A Place in the Stars,2014,N/A,14 Nov 2014,112 min,N/A,6.2,movie,N/A
Home,2015,PG,27 Mar 2015,94 min,55,6.6,movie,"$177,397,510"
Mad for Each Other,2021–,N/A,24 May 2021,N/A,N/A,7.9,series,na
Master of None,2015–,TV-MA,06 Nov 2015,1 min,N/A,8.2,series,na
99 Songs,2019,N/A,16 Apr 2021,1 min,N/A,6.6,movie,N/A
Army of the Dead,2021,R,21 May 2021,148 min,57,5.7,movie,N/A
Jurassic World: Camp Cretaceous,2020–2022,TV-PG,18 Sep 2020,1 min,N/A,7.5,series,na
Strain,2012,N/A,N/A,11 min,N/A,7.1,movie,N/A
The Neighbor,2016,Not Rated,16 Sep 2016,1 min,N/A,5.8,movie,N/A
678,2009–2015,N/A,06 Apr 2009,N/A,N/A,N/A,series,na
Asmaa,2011,N/A,07 Dec 2011,96 min,N/A,8.1,movie,N/A
Hating Peter Tatchell,2021,N/A,19 May 2021,91 min,N/A,7.6,movie,N/A
Special,2019–2021,TV-MA,12 Apr 2019,2 min,N/A,7.6,series,na
Sabotage,2014,R,28 Mar 2014,109 min,41,5.7,movie,"$10,508,518"
Small Town Crime,2017,R,19 Jan 2018,91 min,68,6.6,movie,N/A
The Last Days,2013,Unrated,27 Mar 2013,100 min,N/A,6.1,movie,N/A
The Magic School Bus,1994–1997,TV-Y,10 Sep 1994,1 min,N/A,7.8,series,na
Who Killed Sara?,2021–2022,TV-MA,24 Mar 2021,N/A,N/A,6.4,series,na
Amy Tan: Unintended Memoir,2021,N/A,03 May 2021,101 min,N/A,7.7,movie,N/A
Sardar Ka Grandson,2021,TV-14,18 May 2021,139 min,N/A,4.2,movie,N/A
Sleight,2016,R,28 Apr 2017,2 min,62,5.9,movie,"$3,986,245"
Ahaan,2019,N/A,14 May 2021,81 min,N/A,7.0,movie,N/A
Booba: Food Puzzle,2020–,N/A,06 May 2020,N/A,N/A,7.9,series,na
Love or Money,1990,PG-13,05 Jan 1990,90 min,N/A,4.5,movie,"$44,445"
Alma Matters - Inside the IIT Dream,2021,N/A,14 May 2021,3 min,N/A,8.3,series,na
Cinema Bandi,2021,N/A,14 May 2021,2 min,N/A,7.9,movie,N/A
Ferry,2021,TV-MA,14 May 2021,106 min,N/A,7.0,movie,N/A
Halston,2021,TV-MA,14 May 2021,N/A,N/A,7.5,series,na
Haunted,1995,R,18 Jun 1996,1 min,N/A,6.2,movie,N/A
I Am All Girls,2021,TV-MA,14 May 2021,107 min,N/A,5.9,movie,N/A
Jungle Beat: The Movie,2020,G,26 Jun 2020,88 min,N/A,5.4,movie,N/A
"Love, Death & Robots",2019–,TV-MA,15 Mar 2019,15 min,N/A,8.4,series,na
Move to Heaven,2021–,TV-MA,14 May 2021,N/A,N/A,8.6,series,na
Table Manners,2018,N/A,28 Sep 2018,105 min,N/A,5.1,movie,N/A
The Mystic River,2021–,N/A,14 May 2021,N/A,N/A,5.8,series,na
The Strange House,2015,N/A,24 Jul 2015,87 min,N/A,4.5,movie,N/A
The Woman in the Window,2021,R,14 May 2021,100 min,41,5.7,movie,N/A
Castlevania,2017–2021,TV-MA,07 Jul 2017,23 min,N/A,8.3,series,na
Layer Cake,2004,R,03 Jun 2005,1 min,73,7.3,movie,"$2,339,957"
Tottaa Pataaka Item Maal,2019,N/A,27 Jun 2019,107 min,N/A,7.5,movie,N/A
Oxygen,2021,TV-14,12 May 2021,2 min,67,6.5,movie,N/A
The Upshaws,2021–,TV-14,12 May 2021,N/A,N/A,6.8,series,na
Use for My Talent,2021–,N/A,09 May 2021,N/A,N/A,7.4,series,na
Dear Affy,2020,N/A,14 Feb 2020,126 min,N/A,N/A,movie,N/A
Illegal Woman,2020,TV-MA,10 May 2021,1 min,N/A,6.1,movie,N/A
"Money, Explained",2021,TV-14,11 May 2021,N/A,N/A,6.9,series,na
Deadly Switch,2019,N/A,15 Jan 2019,87 min,N/A,4.5,movie,N/A
Mine,2016,Not Rated,07 Apr 2017,106 min,40,5.8,movie,N/A
Nayattu,2021,N/A,08 Apr 2021,2 min,N/A,8.1,movie,N/A
Sleepless,2017,R,13 Jan 2017,95 min,34,5.6,movie,"$20,783,704"
Super Me,2019,N/A,09 Apr 2021,1 min,N/A,5.8,movie,N/A
In Our Mothers' Gardens,2021,N/A,06 May 2021,N/A,N/A,8.5,movie,N/A
Jupiter's Legacy,2021,TV-MA,07 May 2021,N/A,N/A,6.7,series,na
Milestone,2020,TV-14,07 May 2021,98 min,N/A,6.6,movie,N/A
Monster,2003,R,30 Jan 2004,109 min,74,7.3,movie,"$34,469,210"
Sab Jholmaal Hai,2017–,TV-G,N/A,N/A,N/A,6.6,series,na
Time to Dance,2021,N/A,12 Mar 2021,113 min,N/A,2.2,movie,N/A
Unrest,2006,R,24 Oct 2007,88 min,N/A,5.0,movie,"$321,875"
And Tomorrow the Entire World,2020,TV-MA,06 May 2021,111 min,77,6.0,movie,N/A
Dead Man Down,2013,R,08 Mar 2013,118 min,39,6.4,movie,"$10,895,295"
Framing John DeLorean,2019,Unrated,07 Jun 2019,109 min,67,6.5,movie,"$145,625"
Lava Ka Dhaava,2021–,N/A,05 May 2021,N/A,N/A,6.1,series,na
The Sons of Sam: A Descent into Darkness,2021,TV-MA,05 May 2021,239 min,N/A,7.0,series,na
Selena: The Series,2020–2021,TV-PG,04 Dec 2020,1 min,N/A,6.9,series,na
StartUp,2016–2018,Not Rated,06 Sep 2016,44 min,N/A,7.8,series,na
The Clovehitch Killer,2018,Unrated,16 Nov 2018,109 min,59,6.5,movie,"$8,208"
Trash Truck,2020–,TV-Y,10 Nov 2020,N/A,N/A,8.5,series,na
Aliens Stole My Body,2020,PG,07 Dec 2020,31S min,N/A,3.4,movie,N/A
Angelina Ballerina,2001–2009,TV-Y,04 May 2002,N/A,N/A,5.6,series,na
Best of the Best,1989,PG-13,10 Nov 1989,97 min,26,6.4,movie,"$1,700,000"
Dead Again in Tombstone,2017,R,12 Sep 2017,100 min,N/A,4.4,movie,N/A
Due Date,2010,R,05 Nov 2010,95 min,51,6.5,movie,"$100,539,043"
Fun with Dick and Jane,2005,PG-13,21 Dec 2005,90 min,47,6.1,movie,"$110,332,737"
Green Zone,2010,R,12 Mar 2010,2 min,63,6.8,movie,"$35,053,660"
Hachi: A Dog's Tale,2009,G,12 Mar 2010,93 min,N/A,8.1,movie,N/A
JT LeRoy,2018,R,26 Apr 2019,108 min,55,5.4,movie,N/A
Madagascar 3: Europe's Most Wanted,2012,PG,08 Jun 2012,93 min,60,6.8,movie,"$216,391,482"
Motu Patlu in Wonderland,2013,N/A,07 Jul 2013,N/A,N/A,N/A,movie,N/A
Motu Patlu: Mission Moon,2018,N/A,09 Apr 2018,N/A,N/A,N/A,movie,N/A
Mystic River,2003,R,15 Oct 2003,138 min,84,7.9,movie,"$90,135,191"
Never Back Down,2008,PG-13,14 Mar 2008,113 min,39,6.5,movie,"$24,850,922"
Sitting in Limbo,2020,N/A,08 Jun 2020,89 min,N/A,7.2,movie,N/A
Stargate,1994,PG-13,28 Oct 1994,116 min,42,7.0,movie,"$71,567,262"
State of Play,2009,PG-13,17 Apr 2009,127 min,64,7.1,movie,"$37,017,955"
Swiped,2018,TV-14,06 Nov 2018,93 min,N/A,3.1,movie,N/A
The Darkest Hour,2011,PG-13,25 Dec 2011,1 min,18,4.9,movie,"$21,443,494"
The Lovely Bones,2009,PG-13,15 Jan 2010,135 min,42,6.6,movie,"$44,114,232"
The Sweetest Thing,2002,R,12 Apr 2002,84 min,32,5.1,movie,"$24,718,164"
The Whole Nine Yards,2000,R,18 Feb 2000,98 min,47,6.7,movie,"$57,262,492"
The Whole Truth,2016,R,21 Oct 2016,93 min,46,6.2,movie,N/A
Under Siege,1992,R,09 Oct 1992,103 min,58,6.5,movie,"$83,563,139"
Zack and Miri Make a Porno,2008,R,31 Oct 2008,101 min,56,6.5,movie,"$31,457,946"
Pet Stars,2021–,TV-PG,30 Apr 2021,N/A,N/A,5.0,series,na
Seven Samurai,1954,Not Rated,19 Nov 1956,207 min,98,8.6,movie,"$318,649"
The Disciple,2020,TV-MA,30 Apr 2021,129 min,83,7.1,movie,N/A
The Innocent,2021,TV-MA,30 Apr 2021,467 min,N/A,7.8,series,na
The Mitchells vs the Machines,2021,PG,30 Apr 2021,2 min,81,7.6,movie,N/A
The Strangers: Prey at Night,2018,R,09 Mar 2018,85 min,48,5.2,movie,"$24,586,708"
The Unremarkable Juanquini,2020–,TV-MA,15 May 2020,1 min,N/A,4.4,series,na
Things Heard & Seen,2021,TV-MA,29 Apr 2021,121 min,49,5.3,movie,N/A
Yasuke,2021–,TV-MA,29 Apr 2021,2 min,N/A,6.2,series,na
Get the Grift,2021,TV-14,28 Apr 2021,94 min,N/A,5.3,movie,N/A
Headspace Guide to Sleep,2021,TV-G,28 Apr 2021,N/A,N/A,6.8,series,na
Sexify,2021–,TV-MA,28 Apr 2021,40 min,N/A,6.5,series,na
August: Osage County,2013,R,10 Jan 2014,2 min,58,7.2,movie,"$37,738,810"
Battle Los Angeles,2011,PG-13,11 Mar 2011,116 min,37,5.7,movie,"$83,552,429"
Between Worlds,2018,R,21 Dec 2018,1 min,24,4.0,movie,N/A
Fatma,2021–,TV-MA,27 Apr 2021,N/A,N/A,7.4,series,na
One Flew Over the Cuckoo's Nest,1975,R,19 Nov 1975,133 min,84,8.7,movie,"$108,981,275"
Dedemin Fisi,2016,N/A,10 Mar 2017,100 min,N/A,5.5,movie,N/A
Deliha,2014,N/A,14 Nov 2014,107 min,N/A,4.6,movie,N/A
Dügün Dernek,2013,N/A,06 Dec 2013,106 min,N/A,7.0,movie,N/A
Dügün Dernek 2: Sünnet,2015,N/A,04 Dec 2015,112 min,N/A,6.3,movie,N/A
Hayat Öpücügü,2015,N/A,09 Oct 2015,102 min,N/A,5.9,movie,N/A
Kara Bela,2015,N/A,18 Sep 2015,105 min,N/A,6.7,movie,N/A
Kocan Kadar Konus: Dirilis,2016,N/A,01 Jan 2016,108 min,N/A,5.7,movie,N/A
Let's Fight Ghost,2021–,N/A,03 Mar 2021,60 min,N/A,6.8,series,na
Niyazi Gül Dörtnala,2015,N/A,08 May 2015,106 min,N/A,4.5,movie,N/A
Perfume Imaginary Museum Time Warp,2020,N/A,21 Sep 2020,54 min,N/A,6.5,movie,N/A
Shadow and Bone,2021–,TV-14,23 Apr 2021,N/A,N/A,7.6,series,na
This Lady Called Life,2020,N/A,15 May 2020,120 min,N/A,6.8,movie,N/A
Vizontele,2001,N/A,02 Feb 2001,110 min,N/A,8.0,movie,N/A
Homunculus,2021,TV-MA,02 Apr 2021,115 min,N/A,5.5,movie,N/A
